checkpoint,step,mean_auc,Atelectasis,Cardiomegaly,Consolidation,Edema,Pleural Effusion
checkpoints/pt-imp-v2/checkpoint_27000.pt,27000,0.8617340120181636,0.8078933333333334,0.846336499321574,0.8893229166666667,0.8663351416515973,0.8987821691176471
checkpoints/pt-imp-v2/checkpoint_29400.pt,29400,0.8599739506669781,0.8084266666666666,0.8502939846223428,0.890252976190476,0.8717600964436407,0.8791360294117646
checkpoints/pt-imp-v2/checkpoint_22200.pt,22200,0.8589464379516615,0.82016,0.8328810492989597,0.8770461309523809,0.885623869801085,0.8790211397058824
checkpoints/pt-imp-v2/checkpoint_26000.pt,26000,0.8586279684455091,0.7857066666666667,0.8611488014473089,0.8841145833333334,0.8824593128390597,0.8797104779411764
checkpoints/pt-imp-v2/checkpoint_32400.pt,32400,0.8525091554001888,0.7898666666666667,0.8561736770691994,0.8625372023809523,0.8735684147076551,0.8803998161764706
checkpoints/pt-imp-v2/checkpoint_18600.pt,18600,0.8512751539005095,0.7963733333333334,0.8334464043419267,0.890625,0.861965039180229,0.8739659926470589
checkpoints/pt-imp-v2/checkpoint_24000.pt,24000,0.8511878646181245,0.8305066666666667,0.8254183627317956,0.85546875,0.8435804701627486,0.9009650735294116
checkpoints/pt-imp-v2/checkpoint_31000.pt,31000,0.8509189196436179,0.7952000000000001,0.8395522388059702,0.8856026785714285,0.8461422543701024,0.8880974264705882
checkpoints/pt-imp-v2/checkpoint_38800.pt,38800,0.850766885541914,0.79296,0.8405698778833107,0.8714657738095238,0.8664858348402653,0.8823529411764707
checkpoints/pt-imp-v2/checkpoint_41400.pt,41400,0.850334069205483,0.7863466666666667,0.8557213930348259,0.8679315476190477,0.869198312236287,0.8724724264705882
checkpoints/pt-imp-v2/checkpoint_28800.pt,28800,0.8598451186267451,0.8165333333333333,0.8539122568973316,0.8824404761904763,0.8670886075949367,0.8792509191176471
checkpoints/pt-imp-v2/checkpoint_30000.pt,30000,0.8581269522663358,0.8033066666666666,0.8262098597919494,0.8829985119047619,0.8905967450271247,0.8875229779411764
checkpoints/pt-imp-v2/checkpoint_29000.pt,29000,0.8534317915880425,0.7976533333333333,0.848371777476255,0.8692336309523809,0.8735684147076551,0.8783318014705882
checkpoints/pt-imp-v2/checkpoint_22400.pt,22400,0.8532607825863648,0.82016,0.8400045228403438,0.871279761904762,0.8642254370102471,0.8706341911764707
checkpoints/pt-imp-v2/checkpoint_25800.pt,25800,0.851788266264635,0.7830400000000001,0.8498417005879692,0.8807663690476191,0.8747739602169983,0.8705193014705883
checkpoints/pt-imp-v2/checkpoint_24800.pt,24800,0.850668316745927,0.8245333333333333,0.838647670737223,0.8735119047619047,0.8330319469559976,0.8836167279411765
checkpoints/pt-imp-v2/checkpoint_21800.pt,21800,0.8506560227782394,0.8074666666666667,0.8438489371325194,0.8640252976190477,0.8655816757082581,0.8723575367647058
checkpoints/pt-imp-v2/checkpoint_23000.pt,23000,0.8500805371490643,0.8184533333333334,0.8475802804161013,0.8716517857142857,0.8276069921639542,0.8851102941176471
checkpoints/pt-imp-v2/checkpoint_14400.pt,14400,0.8499869227040945,0.7877333333333333,0.8342379014020807,0.8818824404761905,0.8780892103676914,0.8679917279411765
checkpoints/pt-imp-v2/checkpoint_23600.pt,23600,0.8497480120473666,0.7787733333333334,0.8551560379918589,0.8833705357142857,0.8556359252561784,0.8758042279411765
checkpoints/pt-imp-v2/checkpoint_10600.pt,10600,0.8495633002132882,0.7928533333333334,0.8354816824966078,0.8647693452380952,0.8887884267631102,0.8659237132352942
checkpoints/pt-imp-v2/checkpoint_24400.pt,24400,0.849379547417562,0.7965333333333334,0.8341248303934872,0.8893229166666667,0.8443339361060881,0.8825827205882354
checkpoints/pt-imp-v2/checkpoint_16800.pt,16800,0.8487177053647293,0.7774933333333333,0.840343735866124,0.8714657738095238,0.882157926461724,0.8721277573529412
checkpoints/pt-imp-v2/checkpoint_18400.pt,18400,0.8480756574102573,0.7721600000000001,0.8466757123473542,0.8826264880952381,0.8759795057263411,0.8629365808823529
checkpoints/pt-imp-v2/checkpoint_18200.pt,18200,0.8480119918097007,0.7607466666666667,0.847467209407508,0.8898809523809523,0.8583484026522001,0.8836167279411765
checkpoints/pt-imp-v2/checkpoint_22000.pt,22000,0.8477740301778957,0.8143999999999999,0.844640434192673,0.8541666666666666,0.8506630500301386,0.875
checkpoints/pt-imp-v2/checkpoint_30600.pt,30600,0.8477393326557852,0.7864533333333334,0.8429443690637721,0.8844866071428572,0.8557866184448463,0.8690257352941176
checkpoints/pt-imp-v2/checkpoint_22800.pt,22800,0.8477164443544263,0.80384,0.8394391677973767,0.8699776785714286,0.8618143459915613,0.8635110294117647
checkpoints/pt-imp-v2/checkpoint_27400.pt,27400,0.8476604931790312,0.7946666666666667,0.8352555404794211,0.8781622023809523,0.8577456298975286,0.8724724264705882
checkpoints/pt-imp-v2/checkpoint_32200.pt,32200,0.8476394909998074,0.7994666666666668,0.8499547715965626,0.8575148809523809,0.854882459312839,0.8763786764705882
checkpoints/pt-imp-v2/checkpoint_26200.pt,26200,0.8474421460574879,0.7675733333333334,0.8432835820895522,0.8859747023809524,0.8569921639541893,0.8833869485294118
checkpoints/pt-imp-v2/checkpoint_40600.pt,40600,0.8473923484257512,0.7954133333333333,0.8403437358661239,0.8563988095238095,0.8625678119349006,0.8822380514705882
checkpoints/pt-imp-v2/checkpoint_29600.pt,29600,0.8472371107073362,0.7842133333333333,0.8506331976481231,0.8630952380952381,0.8610608800482219,0.8771829044117646
checkpoints/pt-imp-v2/checkpoint_23400.pt,23400,0.8470813752783535,0.7853866666666666,0.8449796472184532,0.8807663690476191,0.8443339361060881,0.8799402573529411
checkpoints/pt-imp-v2/checkpoint_27600.pt,27600,0.8470727740315883,0.7672533333333333,0.8410221619176843,0.8850446428571428,0.8698010849909583,0.8722426470588236
checkpoints/pt-imp-v2/checkpoint_21400.pt,21400,0.8469120985728601,0.78208,0.8370646766169154,0.8759300595238095,0.883212778782399,0.8562729779411765
checkpoints/pt-imp-v2/checkpoint_46200.pt,46200,0.8465475474678492,0.77216,0.8423790140208051,0.8936011904761905,0.854882459312839,0.8697150735294117
checkpoints/pt-imp-v2/checkpoint_27800.pt,27800,0.8464210535154824,0.7739733333333333,0.8351424694708277,0.8800223214285714,0.8741711874623267,0.8687959558823529
checkpoints/pt-imp-v2/checkpoint_26800.pt,26800,0.8463963290388842,0.7645866666666666,0.8516508367254636,0.87109375,0.8696503918022905,0.875
checkpoints/pt-imp-v2/checkpoint_20200.pt,20200,0.8461460556457663,0.7591466666666667,0.8436227951153324,0.8744419642857143,0.8798975286317058,0.8736213235294118
checkpoints/pt-imp-v2/checkpoint_29800.pt,29800,0.8461065857023339,0.752,0.8489371325192221,0.8837425595238095,0.8640747438215793,0.8817784926470588
checkpoints/pt-imp-v2/checkpoint_30200.pt,30200,0.8460874814891899,0.7816533333333333,0.8280189959294437,0.88671875,0.8670886075949367,0.8669577205882353
checkpoints/pt-imp-v2/checkpoint_30800.pt,30800,0.8460509154808763,0.7882666666666667,0.8367254635911352,0.890997023809524,0.8428270042194093,0.8714384191176471
checkpoints/pt-imp-v2/checkpoint_26600.pt,26600,0.8458030322338551,0.7805866666666667,0.8308457711442786,0.8861607142857143,0.8613622664255576,0.8700597426470589
checkpoints/pt-imp-v2/checkpoint_20400.pt,20400,0.8452969765939946,0.76896,0.8497286295793759,0.8785342261904763,0.8484026522001205,0.880859375
checkpoints/pt-imp-v2/checkpoint_31200.pt,31200,0.8451650561667696,0.7941333333333335,0.8276797829036635,0.8876488095238095,0.8410186859553948,0.8753446691176471
checkpoints/pt-imp-v2/checkpoint_21600.pt,21600,0.8449834853386797,0.8125866666666666,0.8329941203075532,0.8485863095238095,0.8672393007836046,0.8635110294117646
checkpoints/pt-imp-v2/checkpoint_16000.pt,16000,0.8449446312700166,0.7753600000000002,0.8479194934418816,0.8606770833333334,0.8682941531042796,0.8724724264705882
checkpoints/pt-imp-v2/checkpoint_19000.pt,19000,0.8445040964571537,0.7627733333333334,0.8413613749434645,0.8640252976190477,0.8776371308016877,0.8767233455882353
checkpoints/pt-imp-v2/checkpoint_26400.pt,26400,0.844271227053483,0.75936,0.8559475350520126,0.8895089285714285,0.83499095840868,0.8815487132352942
checkpoints/pt-imp-v2/checkpoint_19200.pt,19200,0.8441808847780143,0.7772800000000001,0.8448665762098598,0.8584449404761905,0.870253164556962,0.8700597426470588
checkpoints/pt-imp-v2/checkpoint_31600.pt,31600,0.8439335333623582,0.7883733333333333,0.8374038896426956,0.8552827380952381,0.8645268233875829,0.8740808823529411
checkpoints/pt-imp-v2/checkpoint_19600.pt,19600,0.8438108471587868,0.7771733333333333,0.8290366350067843,0.8616071428571428,0.8881856540084389,0.8630514705882353
checkpoints/pt-imp-v2/checkpoint_17000.pt,17000,0.8437087042474418,0.79136,0.8075531433740388,0.8703497023809524,0.8606088004822181,0.8886718750000001
checkpoints/pt-imp-v2/checkpoint_39000.pt,39000,0.8436863338979907,0.77408,0.841248303934871,0.8684895833333334,0.8559373116335143,0.8786764705882353
checkpoints/pt-imp-v2/checkpoint_20600.pt,20600,0.8435923335179261,0.7917866666666666,0.8334464043419267,0.8684895833333334,0.8649789029535864,0.8592601102941176
checkpoints/pt-imp-v2/checkpoint_18800.pt,18800,0.8435822605525646,0.7552,0.8443012211668928,0.8805803571428571,0.8791440626883665,0.858685661764706
checkpoints/pt-imp-v2/checkpoint_28000.pt,28000,0.8433807151972463,0.75584,0.8521031207598372,0.8735119047619047,0.8749246534056659,0.8605238970588236
checkpoints/pt-imp-v2/checkpoint_22600.pt,22600,0.8432883416584493,0.8052266666666666,0.8415875169606513,0.8640252976190477,0.847950572634117,0.8576516544117646
checkpoints/pt-imp-v2/checkpoint_17800.pt,17800,0.8432579182386256,0.7751466666666667,0.8395522388059702,0.8805803571428571,0.8610608800482218,0.8599494485294118
checkpoints/pt-imp-v2/checkpoint_27200.pt,27200,0.8428660150142748,0.7594666666666666,0.8547037539574853,0.8612351190476191,0.8523206751054853,0.8866038602941176
checkpoints/pt-imp-v2/checkpoint_29200.pt,29200,0.8427382809339596,0.7534933333333332,0.8576436001809136,0.8777901785714286,0.8633212778782399,0.8614430147058824
checkpoints/pt-imp-v2/checkpoint_9600.pt,9600,0.842418409899443,0.7725866666666668,0.8490502035278154,0.8597470238095238,0.8767329716696806,0.8539751838235294
checkpoints/pt-imp-v2/checkpoint_36800.pt,36800,0.8423785793131303,0.7794133333333333,0.8336725463591135,0.8707217261904763,0.8361965039180228,0.8918887867647058
checkpoints/pt-imp-v2/checkpoint_33000.pt,33000,0.8423550123969473,0.7770666666666667,0.8413613749434644,0.8316592261904763,0.8838155515370705,0.8778722426470589
checkpoints/pt-imp-v2/checkpoint_30400.pt,30400,0.8423322509821638,0.7576533333333333,0.8254183627317956,0.9014136904761904,0.8541289933694997,0.873046875
checkpoints/pt-imp-v2/checkpoint_23200.pt,23200,0.8422047568143235,0.7784533333333333,0.85119855269109,0.8599330357142857,0.8536769138034961,0.8677619485294118
checkpoints/pt-imp-v2/checkpoint_25600.pt,25600,0.8421125434661747,0.7730133333333333,0.8561736770691994,0.8484002976190476,0.8577456298975286,0.8752297794117647
checkpoints/pt-imp-v2/checkpoint_36600.pt,36600,0.8418429723406975,0.7776,0.8454319312528268,0.8603050595238095,0.8515672091621458,0.874310661764706
checkpoints/pt-imp-v2/checkpoint_19800.pt,19800,0.8417474469276186,0.7552000000000001,0.8296019900497512,0.8777901785714286,0.8788426763110307,0.8673023897058825
checkpoints/pt-imp-v2/checkpoint_46000.pt,46000,0.8416303576373879,0.75808,0.8588873812754411,0.8731398809523809,0.8505123568414708,0.867532169117647
checkpoints/pt-imp-v2/checkpoint_47000.pt,47000,0.8415658727440464,0.7454933333333333,0.8291497060153776,0.8720238095238095,0.8854731766124171,0.8756893382352942
checkpoints/pt-imp-v2/checkpoint_41200.pt,41200,0.8414430341836112,0.75552,0.8418136589778382,0.8649553571428572,0.876130198915009,0.8687959558823528
checkpoints/pt-imp-v2/checkpoint_37400.pt,37400,0.8412955281343185,0.8014933333333334,0.8430574400723654,0.8649553571428571,0.8256479807112718,0.8713235294117647
checkpoints/pt-imp-v2/checkpoint_16600.pt,16600,0.841203620229801,0.7709866666666667,0.8350293984622342,0.8627232142857142,0.8869801084990958,0.850298713235294
checkpoints/pt-imp-v2/checkpoint_40800.pt,40800,0.8411660867757748,0.78208,0.841474445952058,0.8377976190476191,0.8800482218203736,0.8644301470588235
checkpoints/pt-imp-v2/checkpoint_17400.pt,17400,0.8411649106430044,0.7875200000000001,0.8359339665309814,0.8636532738095238,0.853827606992164,0.8648897058823529
checkpoints/pt-imp-v2/checkpoint_24200.pt,24200,0.8411421191001734,0.7861333333333334,0.844640434192673,0.8636532738095237,0.8239903556359253,0.8872931985294117
checkpoints/pt-imp-v2/checkpoint_23800.pt,23800,0.8410657672117866,0.79296,0.8537991858887382,0.8517485119047619,0.8506630500301386,0.856158088235294
checkpoints/pt-imp-v2/checkpoint_39800.pt,39800,0.8408800303410253,0.7867733333333333,0.8521031207598372,0.8470982142857143,0.8390596745027125,0.8793658088235294
checkpoints/pt-imp-v2/checkpoint_33400.pt,33400,0.8407864025568216,0.7665066666666666,0.8428312980551788,0.8723958333333335,0.8563893911995178,0.8658088235294118
checkpoints/pt-imp-v2/checkpoint_28200.pt,28200,0.8405305500526181,0.7612800000000001,0.847467209407508,0.8716517857142857,0.8484026522001205,0.8738511029411765
checkpoints/pt-imp-v2/checkpoint_43000.pt,43000,0.8405231616865387,0.7581866666666667,0.856060606060606,0.8603050595238095,0.8583484026522,0.8697150735294118
checkpoints/pt-imp-v2/checkpoint_39200.pt,39200,0.8405141038459971,0.7715200000000001,0.8532338308457712,0.8480282738095238,0.8559373116335143,0.8738511029411765
checkpoints/pt-imp-v2/checkpoint_40200.pt,40200,0.8404740329000854,0.76224,0.8413613749434645,0.8593749999999999,0.870253164556962,0.869140625
checkpoints/pt-imp-v2/checkpoint_41800.pt,41800,0.8402479658303585,0.7643733333333333,0.8405698778833108,0.8705357142857142,0.865581675708258,0.8601792279411765
checkpoints/pt-imp-v2/checkpoint_44800.pt,44800,0.8401701944508211,0.7570133333333333,0.8514246947082768,0.87890625,0.860910186859554,0.8525965073529411
checkpoints/pt-imp-v2/checkpoint_31800.pt,31800,0.8401482856081305,0.7557333333333333,0.8413613749434645,0.8619791666666667,0.8740204942736588,0.8676470588235293
checkpoints/pt-imp-v2/checkpoint_40400.pt,40400,0.839883074046392,0.784,0.8418136589778381,0.8604910714285714,0.840867992766727,0.8722426470588235
checkpoints/pt-imp-v2/checkpoint_17600.pt,17600,0.8394798767692648,0.7838933333333333,0.8342379014020804,0.8738839285714286,0.8518685955394817,0.853515625
checkpoints/pt-imp-v2/checkpoint_31400.pt,31400,0.8394356757391567,0.7957333333333333,0.8355947535052013,0.8690476190476191,0.8312236286919832,0.8655790441176471
checkpoints/pt-imp-v2/checkpoint_46600.pt,46600,0.8394347475014566,0.7388800000000001,0.835820895522388,0.8824404761904763,0.8710066305003014,0.8690257352941178
checkpoints/pt-imp-v2/checkpoint_45600.pt,45600,0.8392919400008015,0.7460266666666667,0.8578697421981003,0.8601190476190476,0.8574442435201929,0.875
checkpoints/pt-imp-v2/checkpoint_20800.pt,20800,0.8392906979383659,0.7671466666666666,0.8376300316598824,0.8562127976190477,0.8624171187462326,0.873046875
checkpoints/pt-imp-v2/checkpoint_44400.pt,44400,0.8392339691353673,0.7338666666666667,0.8612618724559024,0.8746279761904762,0.85623869801085,0.8701746323529412
checkpoints/pt-imp-v2/checkpoint_37200.pt,37200,0.8391046778014127,0.7905066666666667,0.8400045228403438,0.8684895833333333,0.8203737191078964,0.8761488970588236
checkpoints/pt-imp-v2/checkpoint_14000.pt,14000,0.8389006531910767,0.7888,0.808853459972863,0.8610491071428572,0.8744725738396624,0.861328125
checkpoints/pt-imp-v2/checkpoint_37600.pt,37600,0.8388656248044681,0.75136,0.8465626413387608,0.8701636904761905,0.855033152501507,0.8712086397058824
checkpoints/pt-imp-v2/checkpoint_12000.pt,12000,0.8387759461089151,0.7877333333333333,0.8549298959746722,0.8448660714285714,0.8675406871609403,0.8388097426470587
checkpoints/pt-imp-v2/checkpoint_25200.pt,25200,0.8387095250958765,0.76576,0.8506331976481231,0.8748139880952381,0.8506630500301385,0.8516773897058824
checkpoints/pt-imp-v2/checkpoint_32800.pt,32800,0.8386353267456391,0.7352533333333333,0.8604703753957486,0.8485863095238095,0.878691983122363,0.8701746323529411
checkpoints/pt-imp-v2/checkpoint_32000.pt,32000,0.838087330947849,0.7683200000000001,0.8430574400723655,0.8465401785714286,0.8529234478601567,0.879595588235294
checkpoints/pt-imp-v2/checkpoint_35800.pt,35800,0.8380525220334996,0.75008,0.8502939846223428,0.8735119047619049,0.8425256178420736,0.8738511029411765
checkpoints/pt-imp-v2/checkpoint_20000.pt,20000,0.8380208799928951,0.7594666666666666,0.8280189959294437,0.8701636904761905,0.88456901748041,0.8478860294117646
checkpoints/pt-imp-v2/checkpoint_24600.pt,24600,0.837952953966749,0.7888,0.8179556761646314,0.8497023809523809,0.85623869801085,0.8770680147058824
checkpoints/pt-imp-v2/checkpoint_36400.pt,36400,0.8379076392815865,0.7554133333333333,0.835820895522388,0.8796502976190476,0.8414707655213984,0.8771829044117647
checkpoints/pt-imp-v2/checkpoint_43600.pt,43600,0.837881671075053,0.7810133333333333,0.8501809136137495,0.8569568452380952,0.849005424954792,0.8522518382352942
checkpoints/pt-imp-v2/checkpoint_36000.pt,36000,0.8378676567557181,0.7427199999999999,0.8530076888285844,0.8660714285714286,0.8367992766726945,0.8907398897058824
checkpoints/pt-imp-v2/checkpoint_25000.pt,25000,0.8377298219144123,0.7751466666666667,0.8398914518317504,0.867001488095238,0.8449367088607594,0.8616727941176471
checkpoints/pt-imp-v2/checkpoint_40000.pt,40000,0.8376461672122785,0.7578133333333333,0.8410221619176843,0.8575148809523809,0.8521699819168174,0.8797104779411764
checkpoints/pt-imp-v2/checkpoint_41000.pt,41000,0.837562790055089,0.7399466666666668,0.8579828132066939,0.8461681547619048,0.8705545509342978,0.8731617647058824
checkpoints/pt-imp-v2/checkpoint_15000.pt,15000,0.8375472753845739,0.7563733333333333,0.8476933514246947,0.8517485119047619,0.8774864376130198,0.8544347426470589
checkpoints/pt-imp-v2/checkpoint.pt,-1,0.8370729856135755,0.7377066666666667,0.8390999547715965,0.8584449404761905,0.8936106088004823,0.8565027573529412
checkpoints/pt-imp-v2/checkpoint_18000.pt,18000,0.8370725669923414,0.7467733333333334,0.834916327453641,0.8690476190476191,0.8598553345388787,0.8747702205882354
checkpoints/pt-imp-v2/checkpoint_38600.pt,38600,0.8370351757939783,0.7624533333333334,0.8499547715965627,0.8552827380952381,0.8496081977094635,0.8678768382352942
checkpoints/pt-imp-v2/checkpoint_37000.pt,37000,0.8369650043130678,0.7783466666666666,0.8387607417458164,0.8621651785714286,0.825497287522604,0.8800551470588236
checkpoints/pt-imp-v2/checkpoint_45800.pt,45800,0.8369042612780604,0.7472,0.8649932157394844,0.84375,0.8619650391802289,0.8666130514705883
checkpoints/pt-imp-v2/checkpoint_43400.pt,43400,0.8368032499189824,0.7979733333333333,0.8475802804161013,0.8411458333333333,0.8464436407474383,0.8508731617647058
checkpoints/pt-imp-v2/checkpoint_16200.pt,16200,0.8367984105283639,0.7411200000000001,0.8371777476255088,0.84765625,0.8868294153104279,0.8712086397058824
checkpoints/pt-imp-v2/checkpoint_11200.pt,11200,0.8365744153485674,0.80352,0.8170511080958841,0.8411458333333334,0.8592525617842073,0.8619025735294118
checkpoints/pt-imp-v2/checkpoint_32600.pt,32600,0.8365393830147934,0.7643733333333333,0.8666892808683854,0.8193824404761905,0.8551838456901748,0.8770680147058825
checkpoints/pt-imp-v2/checkpoint_17200.pt,17200,0.8364927808106412,0.76256,0.8357078245137947,0.8597470238095237,0.8731163351416515,0.8513327205882353
checkpoints/pt-imp-v2/checkpoint_45000.pt,45000,0.8364437545966232,0.7409066666666666,0.8326549072817729,0.8764880952380951,0.8717600964436407,0.8604090073529411
checkpoints/pt-imp-v2/checkpoint_14600.pt,14600,0.8364218885467991,0.7426133333333333,0.838647670737223,0.8744419642857142,0.8774864376130199,0.8489200367647058
checkpoints/pt-imp-v2/checkpoint_42800.pt,42800,0.8362481286004055,0.7666133333333334,0.8541383989145185,0.8469122023809524,0.8636226642555757,0.8499540441176471
checkpoints/pt-imp-v2/checkpoint_38200.pt,38200,0.8361616274079638,0.7332266666666667,0.8377431026684758,0.8735119047619048,0.8612115732368897,0.8751148897058824
checkpoints/pt-imp-v2/checkpoint_10200.pt,10200,0.8360297428323493,0.76896,0.8407960199004976,0.8418898809523809,0.8780892103676914,0.8504136029411765
checkpoints/pt-imp-v2/checkpoint_15800.pt,15800,0.8360078492977456,0.7451733333333334,0.8409090909090909,0.8664434523809524,0.8649789029535866,0.8625344669117647
checkpoints/pt-imp-v2/checkpoint_28400.pt,28400,0.8359055421115297,0.7205333333333334,0.843509724106739,0.8738839285714286,0.8664858348402652,0.8751148897058824
checkpoints/pt-imp-v2/checkpoint_15200.pt,15200,0.8355429408503255,0.7597866666666667,0.8203301673450928,0.8727678571428571,0.8616636528028933,0.8631663602941176
checkpoints/pt-imp-v2/checkpoint_14200.pt,14200,0.8352269043572619,0.7745066666666666,0.8331071913161465,0.8394717261904762,0.8774864376130198,0.8515625
checkpoints/pt-imp-v2/checkpoint_38000.pt,38000,0.8351556321589427,0.74144,0.8548168249660787,0.8656994047619048,0.8511151295961422,0.8627068014705882
checkpoints/pt-imp-v2/checkpoint_38400.pt,38400,0.8351147381932776,0.7532266666666666,0.8357078245137947,0.8787202380952381,0.8410186859553948,0.866900275735294
checkpoints/pt-imp-v2/checkpoint_10000.pt,10000,0.8350589768359107,0.7537066666666666,0.8273405698778833,0.8638392857142858,0.8740204942736589,0.8563878676470589
checkpoints/pt-imp-v2/checkpoint_45400.pt,45400,0.835037580260372,0.7437866666666667,0.8479194934418814,0.8681175595238095,0.8643761301989149,0.8509880514705882
checkpoints/pt-imp-v2/checkpoint_43800.pt,43800,0.8348912436008737,0.7688533333333334,0.852894617819991,0.8543526785714285,0.8392103676913804,0.8591452205882353
checkpoints/pt-imp-v2/checkpoint_11000.pt,11000,0.8346263516259036,0.7757866666666666,0.8338986883763003,0.8400297619047619,0.8707052441229656,0.8527113970588236
checkpoints/pt-imp-v2/checkpoint_10800.pt,10800,0.8345231014616494,0.77888,0.8426051560379919,0.8149181547619048,0.882007233273056,0.8542049632352942
checkpoints/pt-imp-v2/checkpoint_15400.pt,15400,0.8344664324971252,0.7494399999999999,0.8308457711442786,0.8731398809523809,0.8609101868595539,0.8579963235294118
checkpoints/pt-imp-v2/checkpoint_13200.pt,13200,0.8335781146728438,0.72,0.8336725463591136,0.8573288690476191,0.8868294153104279,0.8700597426470588
checkpoints/pt-imp-v2/checkpoint_28600.pt,28600,0.8335558774624425,0.7531733333333334,0.846336499321574,0.8558407738095237,0.8404159132007233,0.8720128676470589
checkpoints/pt-imp-v2/checkpoint_44200.pt,44200,0.8333894067721296,0.7157333333333333,0.8527815468113975,0.8612351190476191,0.8803496081977094,0.8568474264705883
checkpoints/pt-imp-v2/checkpoint_10400.pt,10400,0.8330431545842518,0.7665066666666667,0.8359339665309815,0.8614211309523809,0.8547317661241711,0.8466222426470588
checkpoints/pt-imp-v2/checkpoint_44600.pt,44600,0.8329127207332936,0.7380266666666665,0.8350293984622342,0.8623511904761905,0.8779385171790235,0.851217830882353
checkpoints/pt-imp-v2/checkpoint_21000.pt,21000,0.8328812615060966,0.7584,0.8371777476255088,0.8480282738095238,0.8529234478601567,0.867876838235294
checkpoints/pt-imp-v2/checkpoint_42000.pt,42000,0.8325340055838929,0.7131733333333333,0.8404568068747174,0.877046130952381,0.8545810729355033,0.8774126838235293
checkpoints/pt-imp-v2/checkpoint_35400.pt,35400,0.8323625826122998,0.7448533333333335,0.8438489371325192,0.8643973214285714,0.8450874020494273,0.8636259191176471
checkpoints/pt-imp-v2/checkpoint_33200.pt,33200,0.8321871339094387,0.7587200000000001,0.8426051560379919,0.859375,0.8413200723327305,0.8589154411764707
checkpoints/pt-imp-v2/checkpoint_25400.pt,25400,0.8321389051347289,0.7716266666666666,0.8596788783355948,0.8232886904761905,0.8548824593128391,0.851217830882353
checkpoints/pt-imp-v2/checkpoint_21200.pt,21200,0.8319988596444015,0.7933866666666667,0.828697421981004,0.8394717261904763,0.855033152501507,0.843405330882353
checkpoints/pt-imp-v2/checkpoint_11600.pt,11600,0.8314536033963831,0.7819733333333333,0.8289235639981909,0.8439360119047619,0.8704038577456298,0.83203125
checkpoints/pt-imp-v2/checkpoint_16400.pt,16400,0.8314134614763489,0.74112,0.8262098597919494,0.8656994047619048,0.8539783001808319,0.8700597426470588
checkpoints/pt-imp-v2/checkpoint_33800.pt,33800,0.8314040935301227,0.7244799999999999,0.8459972862957937,0.8723958333333333,0.8476491862567813,0.8664981617647058
checkpoints/pt-imp-v2/checkpoint_42400.pt,42400,0.8312986380755237,0.72416,0.8490502035278156,0.8487723214285714,0.8598553345388789,0.874655330882353
checkpoints/pt-imp-v2/checkpoint_12400.pt,12400,0.8311685209710097,0.7570666666666668,0.8402306648575305,0.8247767857142857,0.8746232670283303,0.8591452205882353
checkpoints/pt-imp-v2/checkpoint_43200.pt,43200,0.830934010165145,0.7448533333333333,0.8531207598371777,0.8472842261904763,0.8422242314647378,0.8671874999999999
checkpoints/pt-imp-v2/checkpoint_9000.pt,9000,0.8308969211626553,0.7448533333333334,0.8370646766169154,0.8677455357142857,0.8673899939722725,0.8374310661764706
checkpoints/pt-imp-v2/checkpoint_9400.pt,9400,0.830651067308618,0.7814399999999999,0.8222523744911805,0.8523065476190477,0.8454641350210971,0.8517922794117647
checkpoints/pt-imp-v2/checkpoint_12600.pt,12600,0.8305430467747736,0.7373866666666666,0.8363862505653551,0.8446800595238095,0.8771850512356842,0.8570772058823528
checkpoints/pt-imp-v2/checkpoint_11800.pt,11800,0.8305323286425583,0.7736533333333333,0.8334464043419267,0.8532366071428571,0.8588004822182037,0.8335248161764706
checkpoints/pt-imp-v2/checkpoint_34400.pt,34400,0.8303906389215596,0.6965333333333333,0.8580958842152872,0.8777901785714285,0.8461422543701024,0.8733915441176471
checkpoints/pt-imp-v2/checkpoint_9200.pt,9200,0.8303453692933118,0.7416533333333334,0.8306196291270919,0.8807663690476191,0.858499095840868,0.840188419117647
checkpoints/pt-imp-v2/checkpoint_13400.pt,13400,0.8302688391132392,0.7429333333333333,0.8265490728177295,0.8651413690476191,0.8657323688969258,0.8509880514705882
checkpoints/pt-imp-v2/checkpoint_15600.pt,15600,0.8302340983538745,0.7301333333333334,0.8417005879692447,0.8463541666666666,0.8688969258589512,0.8640854779411765
checkpoints/pt-imp-v2/checkpoint_33600.pt,33600,0.8302119074853633,0.7072,0.8470149253731344,0.8757440476190477,0.8440325497287523,0.8770680147058824
checkpoints/pt-imp-v2/checkpoint_41600.pt,41600,0.8300419817915146,0.7333333333333334,0.8350293984622343,0.8604910714285715,0.870253164556962,0.8511029411764706
checkpoints/pt-imp-v2/checkpoint_13000.pt,13000,0.8298762718613011,0.7179733333333334,0.8306196291270919,0.8640252976190477,0.8741711874623267,0.8625919117647058
checkpoints/pt-imp-v2/checkpoint_11400.pt,11400,0.8293939676869193,0.7898666666666666,0.8100407055630937,0.8337053571428571,0.8699517781796262,0.8434053308823529
checkpoints/pt-imp-v2/checkpoint_14800.pt,14800,0.8292834261294507,0.7405866666666666,0.8268882858435097,0.8677455357142857,0.8685955394816154,0.8426011029411765
checkpoints/pt-imp-v2/checkpoint_35200.pt,35200,0.8288956289119069,0.7198933333333334,0.8357078245137947,0.8673735119047619,0.8428270042194091,0.8786764705882352
checkpoints/pt-imp-v2/checkpoint_39400.pt,39400,0.828864540327916,0.7329066666666666,0.8336725463591136,0.8439360119047619,0.8699517781796263,0.8638556985294117
checkpoints/pt-imp-v2/checkpoint_35600.pt,35600,0.828457317541778,0.7317333333333333,0.8455450022614203,0.8480282738095237,0.8315250150693189,0.885454963235294
checkpoints/pt-imp-v2/checkpoint_13800.pt,13800,0.8284124080035402,0.7670399999999999,0.8142243328810492,0.8485863095238095,0.8651295961422544,0.8470818014705883
checkpoints/pt-imp-v2/checkpoint_7000.pt,7000,0.8278638663217851,0.7810666666666667,0.8125848032564451,0.8381696428571428,0.8583484026522001,0.8491498161764706
checkpoints/pt-imp-v2/checkpoint_36200.pt,36200,0.8278599840489234,0.7549866666666667,0.8329941203075532,0.853422619047619,0.8276069921639542,0.8702895220588235
checkpoints/pt-imp-v2/checkpoint_46400.pt,46400,0.8274419615922044,0.7002666666666667,0.8190863862505653,0.8701636904761905,0.8616636528028934,0.8860294117647058
checkpoints/pt-imp-v2/checkpoint_34000.pt,34000,0.8272982209310566,0.7045333333333333,0.8374038896426955,0.8801153273809523,0.8416214587100663,0.8728170955882352
checkpoints/pt-imp-v2/checkpoint_42600.pt,42600,0.8272973968600382,0.7415466666666667,0.8532338308457712,0.8478422619047619,0.8444846292947559,0.8493795955882354
checkpoints/pt-imp-v2/checkpoint_45200.pt,45200,0.827005362859426,0.7083733333333334,0.8575305291723203,0.8416108630952381,0.8777878239903557,0.8497242647058824
checkpoints/pt-imp-v2/checkpoint_8200.pt,8200,0.8261341512396845,0.7588266666666666,0.8251922207146087,0.8664434523809523,0.8527727546714888,0.8274356617647058
checkpoints/pt-imp-v2/checkpoint_34800.pt,34800,0.8261274225670645,0.7330133333333333,0.8316372682044325,0.8372395833333333,0.8563893911995178,0.872357536764706
checkpoints/pt-imp-v2/checkpoint_35000.pt,35000,0.8257135710841684,0.7486933333333333,0.8377431026684758,0.8502604166666666,0.8399638336347197,0.8519071691176471
checkpoints/pt-imp-v2/checkpoint_39600.pt,39600,0.8256393059101257,0.7042133333333334,0.8479194934418816,0.8567708333333333,0.8630198915009041,0.8562729779411764
checkpoints/pt-imp-v2/checkpoint_19400.pt,19400,0.8255512730814962,0.7659733333333333,0.8182948891904116,0.8301711309523809,0.86543098251959,0.8478860294117647
checkpoints/pt-imp-v2/checkpoint_13600.pt,13600,0.8254211660095414,0.7524266666666667,0.8224785165083672,0.8426339285714285,0.8467450271247738,0.8628216911764706
checkpoints/pt-imp-v2/checkpoint_34200.pt,34200,0.8247625204105198,0.7220266666666667,0.8410221619176843,0.8856026785714286,0.8083182640144667,0.8668428308823529
checkpoints/pt-imp-v2/checkpoint_37800.pt,37800,0.8244042655589425,0.7108266666666666,0.8574739936680236,0.8655133928571429,0.820675105485232,0.8675321691176471
checkpoints/pt-imp-v2/checkpoint_8600.pt,8600,0.8238747440708684,0.74528,0.8297150610583447,0.8567708333333333,0.8476491862567812,0.8399586397058824
checkpoints/pt-imp-v2/checkpoint_42200.pt,42200,0.8236369577491012,0.6938666666666666,0.8426051560379919,0.8781622023809523,0.8446353224834238,0.8589154411764706
checkpoints/pt-imp-v2/checkpoint_44000.pt,44000,0.8231993421054533,0.72704,0.8570782451379466,0.8603050595238095,0.8261000602772753,0.8454733455882354
checkpoints/pt-imp-v2/checkpoint_12200.pt,12200,0.8227759397033241,0.7411200000000001,0.831524197195839,0.8351934523809523,0.856088004822182,0.849954044117647
checkpoints/pt-imp-v2/checkpoint_8400.pt,8400,0.8227537361528908,0.7530666666666667,0.8285843509724108,0.8394717261904762,0.8625678119349005,0.830078125
checkpoints/pt-imp-v2/checkpoint_7800.pt,7800,0.8225412930277946,0.7528533333333333,0.8410221619176843,0.8452380952380952,0.8452380952380952,0.8283547794117647
checkpoints/pt-imp-v2/checkpoint_6800.pt,6800,0.8223263090219118,0.74112,0.8285843509724107,0.847842261904762,0.8473477998794454,0.8467371323529411
checkpoints/pt-imp-v2/checkpoint_6000.pt,6000,0.8221216925994682,0.76448,0.8204432383536862,0.8409598214285714,0.8413200723327307,0.8434053308823529
checkpoints/pt-imp-v2/checkpoint_34600.pt,34600,0.8205435584624864,0.70656,0.8341248303934871,0.8619791666666665,0.833785412899337,0.8662683823529411
checkpoints/pt-imp-v2/checkpoint_9800.pt,9800,0.8203855984358424,0.7112533333333333,0.8302804161013116,0.8584449404761905,0.8557866184448464,0.8461626838235294
checkpoints/pt-imp-v2/checkpoint_7200.pt,7200,0.8182174620670942,0.7502933333333334,0.8431705110809589,0.8104538690476191,0.8371006630500302,0.8500689338235294
checkpoints/pt-imp-v2/checkpoint_7400.pt,7400,0.8162798477092217,0.7669333333333332,0.8257575757575757,0.8154761904761905,0.8369499698613623,0.8362821691176471
checkpoints/pt-imp-v2/checkpoint_46800.pt,46800,0.8162409077005244,0.6800000000000002,0.8394391677973767,0.8364955357142857,0.8698010849909584,0.85546875
checkpoints/pt-imp-v2/checkpoint_6400.pt,6400,0.8156964671399123,0.75456,0.7876526458616011,0.8456101190476191,0.8367992766726945,0.8538602941176471
checkpoints/pt-imp-v2/checkpoint_12800.pt,12800,0.8146545418585903,0.6680533333333334,0.8251922207146088,0.8588169642857143,0.8628691983122363,0.8583409926470589
checkpoints/pt-imp-v2/checkpoint_5400.pt,5400,0.8136753867111844,0.7430933333333333,0.7917232021709634,0.8571428571428571,0.8411693791440626,0.8352481617647058
checkpoints/pt-imp-v2/checkpoint_7600.pt,7600,0.8123299147308023,0.7086933333333334,0.8236092265943012,0.8182663690476191,0.8594032549728753,0.8516773897058824
checkpoints/pt-imp-v2/checkpoint_5600.pt,5600,0.8059413269191547,0.7191466666666667,0.797037539574853,0.8392857142857143,0.8271549125979506,0.8470818014705882
checkpoints/pt-imp-v2/checkpoint_4800.pt,4800,0.8058754011616438,0.7547733333333333,0.7623247399366803,0.8526785714285714,0.8414707655213983,0.8181295955882353
checkpoints/pt-imp-v2/checkpoint_6600.pt,6600,0.8047972553373341,0.7190933333333334,0.8110583446404342,0.8232886904761905,0.8488547317661241,0.8216911764705883
checkpoints/pt-imp-v2/checkpoint_8000.pt,8000,0.8027414491908729,0.7144533333333334,0.7943238353686115,0.8305431547619048,0.8389089813140447,0.8354779411764706
checkpoints/pt-imp-v2/checkpoint_5800.pt,5800,0.8020566757856793,0.6849066666666667,0.8199909543193125,0.8478422619047619,0.8245931283905967,0.8329503676470588
checkpoints/pt-imp-v2/checkpoint_6200.pt,6200,0.8015847681637192,0.7136,0.8197648123021256,0.80859375,0.847950572634117,0.8180147058823529
checkpoints/pt-imp-v2/checkpoint_4000.pt,4000,0.7995760029332792,0.7938133333333334,0.6969696969696969,0.8603050595238095,0.8170584689572031,0.8297334558823529
checkpoints/pt-imp-v2/checkpoint_4600.pt,4600,0.7984900148605145,0.76224,0.7548620533695161,0.8392857142857143,0.8197709463532248,0.8162913602941176
checkpoints/pt-imp-v2/checkpoint_5200.pt,5200,0.7966899801379065,0.7177066666666667,0.7710312075983717,0.8309151785714286,0.8586497890295359,0.8051470588235294
checkpoints/pt-imp-v2/checkpoint_3600.pt,3600,0.7943851686395278,0.7562666666666666,0.7242198100407056,0.8643973214285714,0.8001808318264014,0.826861213235294
checkpoints/pt-imp-v2/checkpoint_5000.pt,5000,0.7943117078807667,0.7565866666666667,0.7944369063772049,0.8240327380952381,0.8012356841470766,0.7952665441176471
checkpoints/pt-imp-v2/checkpoint_4200.pt,4200,0.7878368988996461,0.7258666666666667,0.7354138398914519,0.8534226190476191,0.8068113321277878,0.8176700367647058
checkpoints/pt-imp-v2/checkpoint_8800.pt,8800,0.7875547208451618,0.7371733333333333,0.7564450474898236,0.8431919642857143,0.8255726341169378,0.775390625
checkpoints/pt-imp-v2/checkpoint_3800.pt,3800,0.7843778528600627,0.7694933333333334,0.7143826322930801,0.83203125,0.8208257986738999,0.78515625
checkpoints/pt-imp-v2/checkpoint_3200.pt,3200,0.784030760325352,0.7518933333333333,0.7105382180009046,0.8528645833333334,0.805455093429777,0.7994025735294118
checkpoints/pt-imp-v2/checkpoint_3000.pt,3000,0.7833216882708427,0.7522133333333333,0.6848710990502035,0.8547247023809524,0.8037974683544303,0.821001838235294
checkpoints/pt-imp-v2/checkpoint_3400.pt,3400,0.7771804389958514,0.7614933333333334,0.6666666666666666,0.8513764880952381,0.8161543098251959,0.7902113970588236
checkpoints/pt-imp-v2/checkpoint_4400.pt,4400,0.7762168913171412,0.7123733333333333,0.711216644052465,0.8389136904761905,0.7930982519590114,0.825482536764706
checkpoints/pt-imp-v2/checkpoint_2600.pt,2600,0.7731213291785722,0.7445333333333334,0.6796698326549073,0.8485863095238095,0.7924954792043399,0.8003216911764707
checkpoints/pt-imp-v2/checkpoint_2800.pt,2800,0.7717172097072404,0.7348266666666666,0.6875848032564451,0.8563988095238095,0.7729053646775166,0.8068704044117647
checkpoints/pt-imp-v2/checkpoint_2400.pt,2400,0.7701652597125903,0.73824,0.7267073722297602,0.8342633928571428,0.780590717299578,0.7710248161764706
checkpoints/pt-imp-v2/checkpoint_2000.pt,2000,0.7676963661897886,0.7364266666666667,0.7258028041610131,0.8266369047619048,0.7973176612417119,0.752297794117647
checkpoints/pt-imp-v2/checkpoint_1800.pt,1800,0.7575961151245385,0.7241066666666667,0.7175486205336952,0.8184523809523809,0.7805153707052441,0.747357536764706
checkpoints/pt-imp-v2/checkpoint_2200.pt,2200,0.7537147148674569,0.6984533333333333,0.6900723654454998,0.8424479166666667,0.7573839662447257,0.7802159926470589
checkpoints/pt-imp-v2/checkpoint_1400.pt,1400,0.7079568018038416,0.5370666666666667,0.7071460877431026,0.808779761904762,0.7659734779987944,0.7208180147058824
checkpoints/pt-imp-v2/checkpoint_1200.pt,1200,0.684597217375526,0.4870933333333334,0.7074853007688829,0.8160342261904763,0.7201627486437613,0.6922104779411764
checkpoints/pt-imp-v2/checkpoint_1600.pt,1600,0.6826249827011941,0.4605333333333333,0.7064111261872457,0.8301711309523809,0.6508438818565402,0.7651654411764706
checkpoints/pt-imp-v2/checkpoint_1000.pt,1000,0.6529906776094921,0.4604266666666666,0.701266395296246,0.7696242559523809,0.7120253164556962,0.6216107536764706
checkpoints/pt-imp-v2/checkpoint_800.pt,800,0.5938767001704448,0.3368533333333333,0.6463138851198552,0.7019159226190477,0.6651597347799879,0.619140625
checkpoints/pt-imp-v2/checkpoint_600.pt,600,0.5905812491566581,0.4970666666666666,0.6371551334237902,0.6960565476190476,0.61791742013261,0.5047104779411765
checkpoints/pt-imp-v2/checkpoint_400.pt,400,0.5644671723853704,0.6399466666666668,0.6149366802351878,0.5307849702380952,0.6470765521398433,0.3895909926470588
checkpoints/pt-imp-v2/checkpoint_200.pt,200,0.514970101368544,0.6365866666666666,0.5613975576662144,0.3903459821428571,0.5786618444846292,0.407858455882353
